Name,MaxValue,MinValue,Interval,Location
Humidity,100,40,0.1,Lat:49.84392646204529; Lon: 24.02603606532046
Temperature,28,21,0.05,Lat:50; Lon: 24
Co2,14000,400,0.075,Lat:49.1; Lon: 24.03567896532046
